DELITOS;DESCRIPCION;COD;MINIMO;MAXIMO;PRESAÑO;PRESCRIBE
ABANDONO;127;295;2;6;6;2191
ABANDONO DE HIJO FRUTO DE;128;296;1;3;5;1826
ABANDONO DEL CARGO;156;015;1;3;5;1826
ABORTO;121;298;1;3;5;1826
ABORTO SIN CONSENTIMIENTO;123;300;4;10;10;3652
ABUS CIRCNCIAS DE INFER;251;208;1;4;5;1826
ABUSO DE AUTORIDAD POR AC;416;016;MULTA;;5;1826
ABUSO DE AUTORIDAD POR OM;417;017;MULTA;;5;1826
ABUSO DE CONFIANZA;249;192;1;4;5;1826
ABUSO DE CONFIANZA CALIFAICADO;250;;3;6;6;2191
ABUSO DE FUNCION PUBLICA;428;018;1;2;5;1826
ACAPARAMIENTO;297;172;3;6;6;2191
ACC CARNAL ABUS CON IN;207;160;8;15;15;5477
ACC CARNAL ABUS CON ME;208;161;4;8;8;2922
ACC CARNAL MDTE ENGAÑO;301;162;1;5;5;1826
ACC CARNAL O ACTO SEX ABUS CON IN;210;;4;10;10;3652
ACC CARNAL VIOL EN PERSONA PROT.;138;;10;18;18;6573
ACCE CARNAL VIOLENTO;205;163;8;15;15;5477
ACCESO ABUSIVO A SISTEMA INFORMATICO;195;;MULTA;;5;1826
ACEPT INDEBIDA DE HONORES;462;243;1;3;5;1826
ACTO DISCRIMINACION RACIAL;147;;5;10;10;3652
ACTO SEXUAL ABUSIVO CON ME;209;;3;5;5;1826
ACTO SEXUAL MDTE ENGAÑO;302;165;6M;2;5;1826
ACTO SEXUAL PERSONA PU;ACTO SEXUAL EN PERSONA PUESTA EN INCAPACIDAD DE RESISTIR ART. 300 C.P. MOD.ART.2 L.360 DE 1997;164;4;10;10;3652
ACTO SEXUAL VIOL EN PERS. PROT.;139;;4;9;9;3287
ACTO SEXUAL VIOLENTO;206;166;3;6;6;2191
ACTOS CONTRARIOS A LA DEF;460;244;5;15;15;5477
ACTOS DE BARBARIE;145;;10;15;15;5477
ACTOS DE TERRORISMO;144;;15;25;20;7305
ACTOS SEXUALES CON MENOR;305;168;2;5;5;1826
ACUERDOS RESTRICTIVOS DE LA COMPETENCIA;410A;;;;0;0
ADMINISTRACION DE RECURSO;345;092;6;12;12;4383
ADMINISTRACION DESLEAL;250b;;4;8;0;0
ADOPCION ILEGAL DE MENOR;232;215;1;5;5;1826
AGIOTAJE;301;;2;8;8;2922
ALTERC DESF MARCAS GAN;243;198;1;2;5;1826
ALTERC RESULTADOS ELECTO;394;284;2;5;5;1826
ALTERC Y MODIF PESOS Y M;299;173;1;3;5;1826
ALZAMIENTO DE BIENES;253;199;1;3;5;1826
AMENAZAS;347;094;1;4;5;1826
AMENAZAS A TESTIGO;454 A;253;4;8;8;2922
APLICACIÓN FRAUDULENTA DE;311;174;1;3;5;1826
APODERAMIENTO Y DESVIO DE;173;158;10;15;15;5477
APOLOGIA DEL GENOCIDIO;102;;6;10;10;3652
APRCHMT ERR AJEN O CAS F;252;200;1;3;5;1826
ASESORAMIENTO OTRAS ACT;421;019;MULTA;;5;1826
ASOCIACION PARA COMISION DE DELITO CONTRA ADM PCA;434;;1;3;5;1826
ASONADA;469;226;1;2;5;1826
ATAQUE CONTRA OB E INST FUERZA PELIGROSAS;157;;10;15;15;5477
ATENTADOS A LA SUBSISTENCIA Y DEVASTACION;160;;5;10;10;3652
ATENTADOS CONTRA HITOS FR;459;245;4;8;8;2922
AVERIGUACION;;;;;5;1826
BIGAMIA;206;060;1;4;5;1826
CALUMNIA;221;087;1;4;5;1826
CAPTACION MASIVA Y HABITU;316;212;2;6;6;2191
CELEBR INDEBIDA CONTRATO;CELEBRACION INDEBIDA DE CONTRATO DE SEGURO ART. 12 LEY  40 DE 1993;238;1;2;5;1826
CELEBRAC IND CONTR DE SEGURO;172;;2;3;5;1826
CIRCULACION ILEGAL DE MONEDA;277;;2;4;5;1826
CIRCULACION Y USO DE EFEC;CIRCULACION Y USO DE EFECTO OFICIAL O SELLO FALSIFICADO ART 213 C.P.;066;6M;4;5;1826
CIRCULACION Y USO DE EFECTO OFICIAL O SELLO FALSO;281;;MULTA;;5;1826
COHECHO IMPROPIO;406;020;4;7;5;1826
COHECHO POR DAR U OFRECE;406;021;4;7;7;2557
COHECHO PROPIO;405;022;5;8;8;2922
CONCIERTO PARA DELINQUIR;340;256;3;6;6;2191
CONCUSION;404;023;6;10;10;3652
CONSERVACION O FINANCIACION DE PLANTACIONES;375;;6;12;12;4383
CONSPIRACION;471;227;1;2;5;1826
CONST DE ES FIN EN SECUES;CONSTACIAS Y ESTADOS FINANCIEROS FALSOS ART. 43 LEY 222/95;239;1;6;6;2191
CONSTR ENAJEN ILEGAL INMU;CONSTRUCCION Y ENAJENACION ILEGAL DE INMUEBLES ART. 11 LEY 66 DE 1968 MOD D 2610/79;102;2;6;6;2191
CONSTREÑIMIENTO AL SUFRAGANTE;387;293;3;6;6;2191
CONSTREÑIMIENTO DELINQUIR;184;142;1;3;5;1826
CONSTREÑIMIENTO ILEGAL;182;141;1;2;5;1826
CONSTRÑ A LA PROSTITUCION;214;167;5;9;9;3287
CONTAMINACION AMBIENTAL;332;175;3;6;8;2922
CONTAMINACION AMBIENTAL CULPOSA;333;;2;5;5;1826
CONTAMINACION DE AGUAS;371;280;1;5;5;1826
CONTRABANDO;319;420;3;5;5;1826
CONTRATO SIN CUMPLIMIENTO REQUISITOS LEGALES;410;024;4;12;12;4383
CONTREÑ. APOYO BELICO;150;;3;6;6;2191
CORRUP ALIMEN Y MEDICINAS;373;281;2;8;8;2922
CORRUPCION AL SUFRAGANTE;390;286;3;5;5;1826
CORRUPCION DE ALIMENTOS Y;CORRUPCION DE  ALIMENTOS Y MEDICINAS CON FINES TERRORISTAS ART.  14 DEC. 180 DE 1988;099;5;10;10;3652
CULTIVO CONSERV FIN PLANT;CULTIVO CONSERVACION FINANCIACION PLANTACIONES ART. 32 LEY 30 DE1986;050;4;12;12;4383
DAÑO EN BIEN AJENO;265;193;1;5;5;1826
DAÑO EN LOS RECUR NATU;331;176;2;6;6;2191
DAÑO EN MATERIA PRIMA Y P;304;177;2;8;8;2922
DAÑO EN OBRA DE UTILIDAD SOCIAL;351;257;2;10;10;3652
DAÑOS O AGR. PERSONAS Y COSAS DESTINADAS AL CULTO;203;;MULTA;;5;1826
DEFRAU A RENTAS DE ADUANA;321;430;5;8;5;1826
DEFRAUDACION DCHOS PATRIMONIALES DE AUTOR;271;;2;5;5;1826
DEFRAUDACION DE FLUIDOS;256;;1;4;5;1826
DEL ACCES ILEG A TELECOMU;257;546;2;8;8;2922
DENEGACION DE INSCRIPCION;396;287;1;3;5;1826
DEPORTACION, EXPULCION DESP. FOR. POBL CIVIL;159;;10;20;20;7305
DESAPARICION FORZADA;165;;20;30;30;10957
DESCONOCIM HABEAS CORPUS;177;143;2;5;5;1826
DESPLAZAMIENTO FORZADO;180;;6;12;30;10957
DESPOJO EN CAMPO DE BATALLA;151;;3;10;10;3652
DESTINAC MUEBLES INMUEBL;377;051;6;12;12;4383
DESTINO INDEBIDO DE RECUR;403;343;2;5;5;1826
DESTR BIENES E INST SANITARIAS;155;;5;10;10;3652
DESTR O UTIL ILIC BIENES CULTURALES Y DE CULTO;156;;3;10;10;3652
DESTR Y APROPIACION  BIENES PROTEGIDOS;154;;5;10;10;3652
DESTRUCCION DEL MEDIO AMBIENTE;164;;10;15;15;5477
DESTRUCCION DOC PRIVADO;293;067;1;6;6;2191
DESTRUCCION DOC PUBLICO;292;068;2;8;8;2922
DET ILEGAL Y PRIV DEBIDO PROCESO;149;;10;15;15;5477
DETENCION ABITRARIA ESPE;176;144;3;5;5;1826
DISPARO DE ARMA DE FUEGO;356;259;2;5;5;1826
DISPOS BIEN PRPIO GRAV PR;255;201;1;4;5;1826
DIVULGACION Y EMPLEO DE D;194;145;MULTA;;5;1826
EJECUCION O REPRODUCCION;EJECUCION REPRODUCCION DE OBRAS ARTISTICAS SIN AUTIRIZACION DEL TITULAR DEL DERECHO ART. 52 LEY 44 DE 1993;086;1;4;5;1826
EJERCICIO ARBITARIO DE CUSTODIA DE HIJO MENOR;230A;;;;0;0
EJERCICIO ILICITO DE ACTI;312;178;3;5;5;1826
EMIS Y TRANSF ILEGAL CHEQ;248;202;1;3;5;1826
EMISION ILEGAL DE EFECTOS;282;069;1;5;5;1826
EMISIONES ILEGALES;276;070;3;10;10;3652
EMPLEO ILEGAL FZA PUBLICA;423;025;1;4;5;1826
EMPLEO O LANZ DE SUS;359;260;1;5;5;1826
EMPLEO O LANZ DE SUS TERR;EMPLEO O LANZAMIENTO DE SUSTANCIAS U OBJETOS PELIGROS CON FINES TERRORISTAS ART.12 DEC. 180 DE 1988;104;10;20;20;7305
ENRIQ ILICITO DERIV SECUE;ENRIQUECIMIENTO ILICITO DERIVADO DE SECUESTRO ART. 6 LEY 40 DE 1993;233;5;10;10;3652
ENRIQ ILICITO PARTICULARES;327;105;6;10;10;3652
ENRIQUECIMIENTO ILICITO;412;026;6;10;10;3652
ENTRAMIENTO PARA ACTIVIDADES ILICITAS;341;;15;20;20;7305
ENTRENAMIENTO PARA ACTIVI;ENTRENAMIENTO PARA ACTIVIDADES SICARIALES ART-3 DEC. LEY 1194;119;15;20;20;7305
ESPECULACION;298;179;3;6;6;2191
ESPIONAJE;463;246;4;12;12;4383
ESTAFA;246;194;2;8;8;2922
ESTIMU CNSTRMNTO USO ILIC;378;052;3;8;8;2922
ESTIMULO A LA PROSTITUCION;217;169;6;8;8;2922
EVASION FISCAL;313;;2;6;6;2191
EXACCION O CONTRIBUCINES ARB.;163;;6;15;15;5477
EXIST, CONST, UTILIZACION ILEGAL DE PISTAS;385;;4;10;10;3652
EXPERIMENTACION ILEGAL EN ESPECIES;334;;2;6;6;2191
EXPLOT ILICITA DE YACIM;338;180;2;8;8;2922
EXPORTACION FICTICIA;310;181;2;8;8;2922
EXTORSION;244;195;8;15;15;5477
FAB TRAF USO ARMAS QUIMICAS NUCLEARES;367;;6;10;10;3652
FAB Y TRAFICO DE A DE FUE;365;262;1;4;5;1826
FAB Y TRAFICO DE A Y MUNI;366;108;3;10;10;3652
FABRICACION Y COMERC SUSTANCIAS NOCIVAS;374;;2;6;6;2191
FALS MONEDA NAL O EXTRANJ;273;080;6;10;10;3652
FALSA AUTOACUSACION;437;001;1;2;5;1826
FALSA DENUNCIA;435 ley 890;002;16;36;5;1826
FALSA DENUNCIA CONTRA PER;436 ley 890;003;64;144;12;4383
FALSEDAD DERECHOS AUTOR;FALSEDAD DERECHOS DE AUTOR ART. 51 LEY 44 DE 1993;330;2;5;5;1826
FALSEDAD EN DOCUMENTO PRI;289;071;1;6;6;2191
FALSEDAD IDEOLOGICA EN DO;286;072;4;8;8;2922
FALSEDAD MARCARIA;285;073;1;5;5;1826
FALSEDAD MATERIAL DE EMPL;FALSEDAD MATERIAL DE EMPLEADO OFICIAL EN DOCUMENTO PUBLICO ART 218 C.P.;074;3;10;10;3652
FALSEDAD MATERIAL EN DOC PCO;287;075;3;6;6;2191
FALSEDAD PARA OBT PRUEBA;FALSEDAD PARA OBTENER PRUEBA DEHECHO VERDADERO ART. 228 C.P.;076;3M;2;5;1826
FALSEDAD PERS PARA LA;FALSEDAD PERSONAL PARA LA OBTENCION DE DOCUMENTO PUBLICO ART. 226 C.P.;078;6M;3;5;1826
FALSEDAD PERSONAL;296;077;MULTA;;5;1826
FALSIFICACION DE EFECTOS;280;079;1;6;6;2191
FALSIFICACION O USO FRAU;279;081;MULTA;;5;1826
FALSO TESTIMONIO;442;004;4;8;8;2922
FAVORECIM SERVIDO PUBLICO;322;435;3;5;5;1826
FAVORECIMI DE CONTRABANDO;320;425;1;5;5;1826
FAVORECIMIENTO;446;005;1;4;5;1826
FAVORECIMIENTO DE LA FUGA;449;006;5;8;8;2922
FAVORECIMIENTO DE VOTO FR;392;288;1;4;5;1826
FECUNDACION Y TRAFICO DE EMBRIONES;134;;1;3;5;1826
FRAUDE A RESOLUCION JUDIC;454;008;1;4;5;1826
FRAUDE AL SUFRAGANTE;388;289;1;4;5;1826
FRAUDE DE SUBVENCIONES;403A;;;;0;0
FRAUDE EN INSCRIPCION DE CEDULAS;389;;3;6;6;2191
FRAUDE PROCESAL;453;009;4;8;8;2922
FRAUDULENTA INTERNACION E;186;146;1;2;5;1826
FUGA DE PRESOS;448;010;3;6;6;2191
GENOCIDIO;101;;30;40;30;10957
GESTION INDEBIDA RECURSOS SOCIALES;260;;3;6;6;2191
HOMICIDIO;103;301;13;25;20;7305
HOMICIDIO AGRAVADO;103;;;;0;0
HOMICIDIO CULPOSO;109;302;2;6;6;2191
HOMICIDIO EN PERSONA PROTEGIDA;135;;30;40;20;7305
HOMICIDIO POR PIEDAD;106;305;1;3;5;1826
HOSTILIDAD MILITAR;456;;10;20;20;7305
HURTO;239;197;2;6;6;2191
HURTO AGRAVADO;241;205;1;9;9;3287
HURTO CALF AGRAV;240 241;206;2;12;12;4383
HURTO CALIFICADO;240;204;3;8;8;2922
ILICITA EXPLOTACION CIAL;303;182;1;4;5;1826
ILICITO APROVECHAMIENTO D;328;183;2;5;5;1826
IMITACION O SIMULACION DE ALIMENTOS;373;;2;6;6;2191
IMPEDIMENTO Y PERT. CEREMONIA RELIGIOSA;202;;MULTA;;5;1826
INASISTENCIA ALIMENTARIA;233;062;1;3;5;1826
INCENDIO;350;263;1;8;8;2922
INCESTO;237;063;1;4;5;1826
INCIT A INSUB MEDIOS PUBL;INCITACION A LA SUBORDINACION POR MEDIOS PUBLICOS ART. 28 LEY 29 DE 1944;113;3M;3;5;1826
INCITACION COMIS DELI MILIT;349;112;2;5;5;1826
INDUCCION A LA PROSTITUCI;213;170;2;4;5;1826
INFIDELIDAD A LOS DEBERES;445;011;1;4;5;1826
INJ POR VIAS DE HECHO;INJURIA POR VIAS DE HECHO ART. 319 C.P.;089;1;4;5;1826
INJ Y CALUMNIA INDIRECTA;222;090;1;4;5;1826
INJURIA;220;088;1;3;5;1826
INSEMIN ARTIF NO CONSENTI;187;147;2;6;6;2191
INSTIGACION A DELINQUIR;348;114;5;10;10;3652
INSTIGACION A LA GUERRA;458;248;10;20;20;7305
INSTIGACION O CONSTRENIMI;INSTIGACION CONSTREÑIMIENTO PARA INGRESO A GRUPOS TERRORISTAS ART. 6 DEC. 180 DE 1988;096;5;10;10;3652
INSTUC ENTRN AL TERRORI;INSTRUCCION Y ENTRANAMIENTO AL TERRORISMO ART. 15 DEC 180 DE 1988;116;8;14;14;5113
INTERCEP CORRESP OFICIAL;INTERCEPTACION DE CORRESPONDENCIA OFICIAL ART. 18 DEC. 180 DE 1988;123;3;6;5;1826
INTERES INDEBIDO CELEBRACION CONTRATO;409;027;4;12;12;4383
INTERVENCION POLITICA;422;028;MULTA;;5;1826
INTRODUCCION DE RESIDUOS NUCLEARES;361;;3;10;10;3652
INUDCC O AYUDA AL SUICIDIO;107;308;2;6;6;2191
INV DE TIERRAS O EDIFICAC;263;207;2;5;5;1826
INVACCION DE AREA DE IMPORTANCIA ECOLOGICA;337;;2;8;8;2922
IRRESPETO A CADAVERES;204;148;MULTA;;5;1826
LAVADO DE ACTIVOS;323;339;6;15;15;5477
LESIONES AL FETO;125;;2;4;5;1826
LESIONES CULPOSAS AL FETO;126;;1;2;5;1826
LESIONES DEFORMIDAD;113;;2;7;7;2557
LESIONES PERD. AN. O FUN. ORGANO O M.;116;;6;10;10;3652
LESIONES PERS CULPOSOS;120;318;1;3;5;1826
LESIONES PERS FINES TERR;LESIONES PERSONALES FINES TERRORISTAS ART. 31 DEC.180 DE 1988;125;2;4;5;1826
LESIONES PERSONALES INCAPACIDAD;111;317;1;2;5;1826
LESIONES PERT. FUNCIONAL;114;;3;8;8;2922
LESIONES PERT. PSIQUICA;115;;3;9;9;3287
MALTRATO CONSTITUTIVO DE;MALTRATO CONSTITUTIVO DE LESIONES PERSONALES ART. 23 L 294/96;327;?;10;10;3652
MALTRATO MEDIANTE RESTRIC;230;328;1;2;5;1826
MALVERSA DILAPIDAC BIENES;259;;1;2;5;1826
MALVERSA DILAPIDAC BIENES FAMILIARES;236;064;1;2;5;1826
MANEJO ILICITO DE MICROORGANISMOS NOCIVOS;330;;2;6;6;2191
MANIPULACION FRAUDULENTA ES INS REG NAL VAL INTER.;317;;2;6;6;2191
MANIPULACION GENETICA;132;;1;5;5;1826
MATRIMONIO ILEGAL;MATRIMONIO ILEGAL ART. 261 C.P.;061;6M;3;5;1826
MENDICIDAD TRAFICO DE MENORES;231;;1;5;5;1826
MENOSCABO DE LA INTEGRIDAD;455;249;20;30;20;7305
MODALIDAD CULPOSA DEL FAV;MODALIDAD CULPOSA DEL FAVORECIMIENTO DE LA FUGA ART.180 C.P.;007;6M;2;5;1826
MORA EN LA ENTREGA DE DOC;393;290;1;3;5;1826
MUERTE DE HIJO FRUTO DE A;108;322;4;6;6;2191
MUERTE EN AVERIGUACION;;;;;0;0
OBSTACUL. TAREAS SANITARIAS Y HUM;153;;3;6;6;2191
OBSTRUCCION DE DE OBRA;364;266;1;4;5;1826
OBTENCION DOCUMENTO PCO FALSO;288;;3;6;6;2191
Ocultamiento alt destr de emp;454b;;4;12;12;4383
OCULTAMIENTO RETEN CED;395;291;1;3;5;1826
OCULTAMIENTO, ALTE DESTRU DE EMP;;;;;0;0
OCUPACION ILICITA DE PARQ;OCUPACION ILICITA DE PARQUES Y ZONAS DE RESERVA FORESTAL ART. 243 C.P.;184;1;6;6;2191
OFENSA A DIPLOMATICOS;466;250;1;3;5;1826
OFRECIMIENTO ENGAÑOSO DE PRODUCTOS Y SERVICIOS;300;;1;3;5;1826
OFRECIMIENTO INSTRUMENTO PARA INTERCEPTAR COM;193;;MULTA;;5;1826
OMIS AVISO DE SECUESTRADO;OMISION DE AVISO DE UN SECUESTRADO ART. 10 LEY 40 DE 1993;235;6m;1;5;1826
OMIS INFORM EN SECUESTRO;OMISION DE INFORMES EN SECUESTRO ART. 9 LEY 40 DE 1993;236;1;5;5;1826
OMISION AGENTE RETENEDOR;402;547;3;6;6;2191
OMISION DE ACTO PROPIO EN;OMISION DE ACTO PROPIO EN DELITO DE EXTORSION O SECUESTRO ART. 33 LEY 40 DE 1993;331;2;10;10;3652
OMISION DE APOYO;424;029;1;4;5;1826
OMISION DE CONTROL;325;340;2;6;6;2191
OMISION DE DENUNCIA DE PARTICULAR;441;;1;3;5;1826
OMISION DE INFORMES SOBRE;OMISION DE INFORMES SOBRE ACTIVIDADES TERRORISTAS ART.4 DEC. 180 DE 1988;127;3;10;10;3652
OMISION DE SOCORRO;131;;2;4;5;1826
OMISION MED DE SOCORRO Y AS. HUM.;152;;3;5;5;1826
OMISION MEDIDAS DE PROT. POBLACION CIVIL;161;;4;8;8;2922
OPERAC NO AUTO CON ACCION;315;213;2;6;6;2191
PANICO;355;267;MULTA;;5;1826
PANICO ECONOMICO;302;185;2;8;8;2922
PECUL APLIC OFICI DIFERENTE;399 ley 890 + fun pco 6 años + 9  meses;031;16;81;6;2191
PECULADO CULPOSO;400;030;1;3;5;1826
PECULADO POR APROPIACION;397;032;6;15;15;5477
PECULADO POR ERROR AJENO;PECULADO POR ERROR AJENO ART. 135 C.P.;033;1;3;5;1826
PECULADO POR EXTENSION;PECULADO POR EXTENSION ART. 138 C.P.MOD.ART.20 L.190/95;034;6M;2;5;1826
PECULADO POR USO;398;035;1;4;5;1826
PERFIDIA;143;;3;8;8;2922
PERTENENC BANDAS SICARIOS;PERTENENCIA A BANDAS DE SICARIOS ART. 2 DEC. LEY 1194 DE 1989;121;10;15;15;5477
PERTUBACION CERT DEMOCRATICO;386;292;2;6;6;2191
PERTUR DE LA POSESI;264;209;1;2;5;1826
PERTUR DE LOS SERVI COMUN;PERTURBACION DE LOS SERVICIOS DE COMUNICACION, ENERGIA Y DE COMBUSTIBLES ART 196 C.P.;269;1;4;5;1826
PERTUR EN SERVICIO TRANS;353;271;1;3;5;1826
PERTURBACION DE ACTOS OFI;430;036;MULTA;;5;1826
PERTURBACION DE INSTALACION NUCLEAR O RADIOACTIVA;362;;3;8;8;2922
PESCA ILEGAL;335;;1;3;5;1826
PISTA ATERRIZAJE ILEGAL;PISTA DE ATERRIZAJE ILEGALES (RESPONSABILIDAD DEL DUEÑO POSEEDOR O ARRENDATARIO ) ART. 64 LEY 30 DE 1986 MODIF. D.L.1198 DE 1987;049;3;10;10;3652
PORNOGRAFIA CON MENORES;218;325;6;8;8;2922
PORTE DE SUSTANCIAS;383;;1;2;5;1826
PORTE ILEGAL ARMAS;;;;;0;0
POSESION DE SUSTANCIAS PA;POSESION DE SUSTANCIAS PARA EL PROCESAMIENTO DE NARCOTICOS ART. 43 LEY 30 DE 1986 MOD L 365/97 ART 26;053;3;10;10;3652
PREVAR ASESORAMIEN ILEGAL;PREVARICATO POR ASESORAMIENTO ILEGAL ART. 151 C.P.  MOD. ART. 30 L 190 DE 1995;038;3;6;6;2191
PREVARICATO POR ACCION;413;037;3;8;8;2922
PREVARICATO POR OMISION;414 LEY 890 32 A 90 MESES;039;32;90;7;2737
PRIVACION ILEGAL LIBERTAD;174;149;3;5;5;1826
PROLONGACION ILICITA DE L;175;150;3;5;5;1826
PROPAGAC DE ENFERMEDAD;PROPAGACION DE ENFERMEDAD EN LOS RECURSOS NATURALES ART. 245 C.P.;186;1;6;6;2191
PROPAGACION DE EPIDEMIA;369;282;1;5;5;1826
PROPAGACION DE HIV;370;;3;8;8;2922
PROSTITUCION FORZADA Y ESCL;141;;10;18;18;6573
PROV IL POR ERROR EN SECU;PROVECHO ILICITO POR ERROR AJENO PROVENIENTE DE SECUESTRO O EXTORSION ART. 12 LEY 282 DE 1996;333;5;15;15;5477
PROVOCACION DE INUNDACION;352;273;1;10;10;3652
REBELION;467;131;5;9;9;3287
RECEPTACION;447;012;2;8;8;2922
RECLUTAMIENTO ILICITO;162;;6;10;10;3652
REINGRESO ILEGAL AL PAIS;REINGRESO ILEGAL AL PAIS ART 185 C.P.;013;6M;2;5;1826
REPETIBILIDAD DEL SER HUMANO;133;;2;6;6;2191
REPRESALIAS;158;;2;5;5;1826
REVELACION SECRETO;418;040;MULTA;;5;1826
SABOTAJE;199;151;1;6;6;2191
SECUESTRO EXTORSIVO;169;152;18;28;20;7305
SECUESTRO SIMPLE;168;153;10;20;20;7305
SEDICION;468;133;2;8;8;2922
SEDUCCION USURPACION Y RE;472;230;4M;2;5;1826
SIMULACION DE INVESTIDURA;426;041;MULTA;;5;1826
SINIESTRO O DAÑO DE NAVE;354;275;1;7;7;2557
SOBORNO;444;014;1;5;5;1826
SOBORNO TRANSNACIONAL;433;;6;10;10;3652
SUMINISTRO A MENOR;381;057;6;12;12;4383
SUMINISTRO FORMULAC ILEGAL;380;056;1;3;5;1826
SUMIS DE INF EN SECUESTRO;SUMINISTRO DE INFORMACION EN SECUESTRO ART. 10 LEY 282 DE 1996;332;15;30;20;7305
SUPLATANCION DE AUTORIDAD;INCITACION A LA COMISION DE DELITOS MILITARES ART. 21 DEC.  180 DE 1988;135;5;10;10;3652
SUPRESION ALTERACION O SU;238;065;1;5;5;1826
SUPRESION DE SIGNO DE AUN;283;082;MULTA;;5;1826
SUSTRACCION BIEN PROPIA;254;187;MULTA;;5;1826
SUSTRACCION COSA PROPIA CUMPLIMIENTO DEBERES;309;;1;3;5;1826
TENECIA FABRICACION Y TR;358;277;3;8;8;2922
TENTATIVA HOMICIDIO;;;;;0;0
TERRORISMO;343;136;10;15;15;5477
TESTAFERRATO;326;093;6;15;15;5477
TOMA REHENES;148;;20;30;20;7305
TORTURA;178;154;8;15;30;10957
TORTURA EN PERSONA PROTEGIDA;137;;10;20;20;7305
TRAF MONEDA FALSIFICADA;274;083;3;8;8;2922
TRAF POS DE MATERIAL RADIOACTIVO;363;;2;6;6;2191
TRAF SUST. PARA PROCESAMIENTO NARCOTICOS;382;;6;10;10;3652
TRAF. ELM. DESTINADOS A FALSIFICACION MONEDA;275;;3;6;6;2191
TRAFIC FABR PORTE ESTUPEF;376;059;8;20;20;7305
TRAFICO DE MENORES;TRAFICO DE MENORES ART.265 C. MENOR D.L.2737 DE 1989;217;1;5;5;1826
TRAFICO DE PERSONAS;188;;6;8;8;2922
TRAFICO INFLUENCIAS;411;042;4;8;8;2922
TRAICION DIPLOMATICA;457;251;5;15;15;5477
TRATA DE PERSONAS;215;171;4;6;6;2191
TRATO INH DEGRAD EN PERS. PROT;146;;5;10;10;3652
TURISMO SEXUAL;219;;3;8;8;2922
ULTRAJE A SIMBOLOS PATRIOS;461;252;MULTA;;5;1826
URBANIZACION ILEGAL;318;;3;7;7;2557
USO DE DOCUMENTO PUBLICO;291;084;2;8;8;2922
USO ILEGITIMO DE PATENTES;307;188;1;4;5;1826
USO Y CIRCULACION DE EFEC;284;085;MULTA;;5;1826
USURA;305;189;2;5;5;1826
USURPAC MARCAS Y PATENS;306;190;2;4;5;1826
USURPACION DE AGUAS;262;210;1;3;5;1826
USURPACION DE FUNCIONES P;425;043;1;2;5;1826
USURPACION DE TIERRAS;261;211;1;3;5;1826
UTIL MEDIOS Y MET. DE GUERRA ILICITOS;142;;6;10;10;3652
UTILIZACION DE ASUNTO SOM;419;044;MULTA;;5;1826
UTILIZACION IL. EQUIPOS TRANSM. Y RECEPT.;197;;1;3;5;1826
UTILIZACION ILEGAL DE UNI;346;139;3;6;6;2191
UTILIZACION ILICITA DE EQ;UTILIZACION ILICITA DE EQUIPOS TRASMISORES O RECEPTOR ART. 16 DEC 180 DE 1988;140;3;6;6;2191
UTILIZACION INDEB DE FONDOS;314;214;2;6;6;2191
UTILIZACION INDEB DE INFLUENCIAS DERIVADAS DEL CAR;432;;MULTA;;5;1826
UTILIZACION INDEB DE INFORM OFICIAL PRIV;420;;MULTA;;5;1826
UTILIZACION INDEB DE INFORM PRIV;258;045;MULTA;;5;1826
UTILIZACION INDEB DE INFORM PRIV OBTENIDA EN CARGO;431;;MULTA;;5;1826
VIOL SEXUAL ENTR CONYUGES;VIOLENCIA SEXUAL ENTRE CONYUGES ART- 25 LEY 294 DE 1996;329;6M;2;5;1826
VIOLAC ILIC. COMUNICACIÓN OFICIAL;196;;3;6;6;2191
VIOLAC MEC PROTEC.DCHOS AUTOR;272;;MULTA;;5;1826
VIOLAC RESERVA INDUSTRIAL;308;191;2;5;5;1826
VIOLACION DCHOS MORALES DE AUTOR;270;;2;5;5;1826
VIOLACION DCHOS REUNION;200;157;MULTA;;5;1826
VIOLACION DE DERECHOS POL;VIOLACION DE LOS DERECHOS POLITICOS ART. 293 C.P.;155;6M;;5;1826
VIOLACION DE FRONTERAS PA;329;253;4;8;8;2922
VIOLACION DE INMUNIDAD DI;VIOLACION DE INMUNIDAD DIPLOMÁTICA ART. 121 C.P.;254;5;15;15;5477
VIOLACION DE LA LIBERTAD AL TRABAJO;198;;MULTA;;5;1826
VIOLACION DE MEDIDAS SANI;368;283;1;3;5;1826
VIOLACION DE TREGUA O ARM;464;255;1;5;5;1826
VIOLACION EN LUGAR DE TRABAJO;191;;MULTA;;5;1826
VIOLACION HABITACION AJENA;189;;MULTA;;5;1826
VIOLACION HABT AJENA POR SERVIDOR;190;;MULTA;;5;1826
VIOLACION ILICITA DE COMU;192;159;1;3;5;1826
VIOLACION LIBERTAD RELIGIOSA;201;;1;2;5;1826
VIOLACION REG LEGAL INHABILIDADES;408;046;4;12;12;4383
VIOLENCIA CONTRA SERVIDOR;429;047;1;3;5;1826
VIOLENCIA INTRAFAMILIAR;229;326;1;3;5;1826
VOTO FRAUDULENTO;391;294;1;4;5;1826
;;;;;;
;;;;;;
;;;;;;
;;;;;;
;;;;;;
;;;;;;
;;;;;;
;;;;;;
;;;;;;
;;;;;;
;;;;;;
;;;;;;
;;;;;;
;;;;;;
;;;;;;
;;;;;;
;;;;;;
;;;;;;
;;;;;;
;;;;;;
;;;;;;
;;;;;;
;;;;;;
;;;;;;
;;;;;;
;;;;;;
;;;;;;
;;;;;;
;;;;;;
;;;;;;
;;;;;;
;;;;;;
;;;;;;
;;;;;;
;;;;;;
;;;;;;
;;;;;;
;;;;;;
;;;;;;
;;;;;;
;;;;;;
;;;;;;
;;;;;;
;;;;;;
;;;;;;
;;;;;;
;;;;;;
;;;;;;
;;;;;;
;;;;;;
;;;;;;
;;;;;;
;;;;;;
;;;;;;
;;;;;;
;;;;;;
;;;;;;
;;;;;;
;;;;;;
;;;;;;
;;;;;;
;;;;;;
;;;;;;
;;;;;;
;;;;;;
;;;;;;
;;;;;;
;;;;;;
;;;;;;
;;;;;;
;;;;;;
;;;;;;
;;;;;;
;;;;;;
;;;;;;
;;;;;;
;;;;;;
;;;;;;
;;;;;;
;;;;;;
;;;;;;
;;;;;;
;;;;;;
;;;;;;
;;;;;;
;;;;;;
;;;;;;
;;;;;;
;;;;;;
;;;;;;
;;;;;;
;;;;;;
;;;;;;
;;;;;;
;;;;;;
;;;;;;
;;;;;;
;;;;;;
;;;;;;
;;;;;;
;;;;;;
;;;;;;
;;;;;;
;;;;;;
;;;;;;
;;;;;;
;;;;;;
;;;;;;
;;;;;;
;;;;;;
;;;;;;
;;;;;;
;;;;;;
;;;;;;
;;;;;;
;;;;;;
;;;;;;
;;;;;;
;;;;;;
;;;;;;
;;;;;;
;;;;;;
;;;;;;
;;;;;;
;;;;;;
;;;;;;
;;;;;;
;;;;;;
;;;;;;
;;;;;;
;;;;;;
;;;;;;
;;;;;;
;;;;;;
;;;;;;
;;;;;;
;;;;;;
;;;;;;
;;;;;;
;;;;;;
;;;;;;
;;;;;;
;;;;;;
;;;;;;
;;;;;;
;;;;;;
;;;;;;
;;;;;;
;;;;;;
;;;;;;
;;;;;;
;;;;;;
;;;;;;
;;;;;;
;;;;;;
;;;;;;
;;;;;;
;;;;;;
;;;;;;
;;;;;;
;;;;;;
;;;;;;
;;;;;;
;;;;;;
;;;;;;
;;;;;;
;;;;;;
;;;;;;
;;;;;;
;;;;;;
;;;;;;
;;;;;;
;;;;;;
;;;;;;
;;;;;;
;;;;;;
;;;;;;
;;;;;;
;;;;;;
;;;;;;
;;;;;;
;;;;;;
;;;;;;
;;;;;;
;;;;;;
;;;;;;
;;;;;;
;;;;;;
;;;;;;
;;;;;;
;;;;;;
;;;;;;
;;;;;;
;;;;;;
;;;;;;
;;;;;;
;;;;;;
;;;;;;
;;;;;;
;;;;;;
;;;;;;
;;;;;;
;;;;;;
;;;;;;
;;;;;;
;;;;;;
;;;;;;
;;;;;;
;;;;;;
;;;;;;
;;;;;;
;;;;;;
;;;;;;
;;;;;;
;;;;;;
;;;;;;
;;;;;;
;;;;;;
;;;;;;
;;;;;;
;;;;;;
;;;;;;
;;;;;;
;;;;;;
;;;;;;
;;;;;;
;;;;;;
;;;;;;
;;;;;;
;;;;;;
;;;;;;
;;;;;;
;;;;;;
;;;;;;
;;;;;;
;;;;;;
;;;;;;
;;;;;;
;;;;;;
;;;;;;
;;;;;;
;;;;;;
;;;;;;
;;;;;;
;;;;;;
;;;;;;
;;;;;;
;;;;;;
;;;;;;
;;;;;;
;;;;;;
;;;;;;
;;;;;;
;;;;;;
;;;;;;
;;;;;;
;;;;;;
;;;;;;
;;;;;;
;;;;;;
;;;;;;
;;;;;;
;;;;;;
;;;;;;
;;;;;;
;;;;;;
;;;;;;
;;;;;;
;;;;;;
;;;;;;
;;;;;;
;;;;;;
;;;;;;
;;;;;;
;;;;;;
;;;;;;
;;;;;;
;;;;;;
;;;;;;
;;;;;;
;;;;;;
;;;;;;
;;;;;;
;;;;;;
;;;;;;
;;;;;;
;;;;;;
;;;;;;
;;;;;;
;;;;;;
;;;;;;
;;;;;;
;;;;;;
;;;;;;
;;;;;;
;;;;;;
;;;;;;
;;;;;;
;;;;;;
;;;;;;
;;;;;;
;;;;;;
;;;;;;
;;;;;;
;;;;;;
;;;;;;
;;;;;;
;;;;;;
;;;;;;
;;;;;;
;;;;;;
;;;;;;
;;;;;;
;;;;;;
;;;;;;
;;;;;;
;;;;;;
;;;;;;
;;;;;;
;;;;;;
;;;;;;
;;;;;;
;;;;;;
;;;;;;
;;;;;;
;;;;;;
;;;;;;
;;;;;;
;;;;;;
;;;;;;
;;;;;;
;;;;;;
;;;;;;
;;;;;;
;;;;;;
;;;;;;
;;;;;;
;;;;;;
;;;;;;
;;;;;;
;;;;;;
;;;;;;
;;;;;;
;;;;;;
;;;;;;
;;;;;;
;;;;;;
;;;;;;
;;;;;;
;;;;;;
;;;;;;
;;;;;;
;;;;;;
;;;;;;
;;;;;;
;;;;;;
;;;;;;
;;;;;;
;;;;;;
;;;;;;
;;;;;;
;;;;;;
;;;;;;
;;;;;;
;;;;;;
;;;;;;
;;;;;;
;;;;;;
;;;;;;
;;;;;;
;;;;;;
;;;;;;
;;;;;;
;;;;;;
;;;;;;
;;;;;;
;;;;;;
;;;;;;
;;;;;;
;;;;;;
;;;;;;
;;;;;;
;;;;;;
;;;;;;
;;;;;;
;;;;;;
;;;;;;
;;;;;;
;;;;;;
;;;;;;
;;;;;;
;;;;;;
;;;;;;
;;;;;;
;;;;;;
;;;;;;
;;;;;;
;;;;;;
;;;;;;
;;;;;;
;;;;;;
;;;;;;
;;;;;;
;;;;;;
;;;;;;
;;;;;;
;;;;;;
;;;;;;
;;;;;;
;;;;;;
;;;;;;
;;;;;;
;;;;;;
;;;;;;
;;;;;;
;;;;;;
;;;;;;
;;;;;;
;;;;;;
;;;;;;
;;;;;;
;;;;;;
;;;;;;
;;;;;;
;;;;;;
;;;;;;
;;;;;;
;;;;;;
;;;;;;
;;;;;;
;;;;;;
;;;;;;
;;;;;;
;;;;;;
;;;;;;
;;;;;;
;;;;;;
;;;;;;
;;;;;;
;;;;;;
;;;;;;
;;;;;;
;;;;;;
;;;;;;
;;;;;;
;;;;;;
;;;;;;
;;;;;;
;;;;;;
;;;;;;
;;;;;;
;;;;;;
;;;;;;
;;;;;;
;;;;;;
;;;;;;
;;;;;;
;;;;;;
;;;;;;
;;;;;;
;;;;;;
;;;;;;
;;;;;;
;;;;;;
;;;;;;
;;;;;;
;;;;;;
;;;;;;
;;;;;;
;;;;;;
;;;;;;
;;;;;;
;;;;;;
;;;;;;
;;;;;;
;;;;;;
;;;;;;
;;;;;;
;;;;;;
;;;;;;
;;;;;;
;;;;;;
;;;;;;
;;;;;;
;;;;;;
;;;;;;
;;;;;;
;;;;;;
;;;;;;
;;;;;;
;;;;;;
;;;;;;
;;;;;;
;;;;;;
;;;;;;
;;;;;;
;;;;;;
;;;;;;
;;;;;;
;;;;;;
;;;;;;
;;;;;;
;;;;;;
;;;;;;
;;;;;;
;;;;;;
;;;;;;
;;;;;;
;;;;;;
;;;;;;
;;;;;;
;;;;;;
;;;;;;
;;;;;;
;;;;;;
;;;;;;
;;;;;;
;;;;;;
;;;;;;
;;;;;;
;;;;;;
;;;;;;
;;;;;;
;;;;;;
;;;;;;
;;;;;;
;;;;;;
;;;;;;
;;;;;;
;;;;;;
;;;;;;
;;;;;;
;;;;;;
;;;;;;
;;;;;;
;;;;;;
;;;;;;
;;;;;;
;;;;;;
;;;;;;
;;;;;;
;;;;;;
;;;;;;
;;;;;;
;;;;;;
;;;;;;
;;;;;;
;;;;;;
;;;;;;
;;;;;;
;;;;;;
;;;;;;
;;;;;;
;;;;;;
;;;;;;
;;;;;;
;;;;;;
;;;;;;
;;;;;;
;;;;;;
;;;;;;
;;;;;;
;;;;;;
;;;;;;
;;;;;;
;;;;;;
;;;;;;
;;;;;;
;;;;;;
;;;;;;
;;;;;;
;;;;;;
;;;;;;
;;;;;;
;;;;;;
;;;;;;
;;;;;;
;;;;;;
;;;;;;
;;;;;;
;;;;;;
;;;;;;
;;;;;;
;;;;;;
;;;;;;
;;;;;;
;;;;;;
;;;;;;
;;;;;;
;;;;;;
;;;;;;
;;;;;;
;;;;;;
;;;;;;
;;;;;;
;;;;;;
;;;;;;
;;;;;;
;;;;;;
;;;;;;
;;;;;;
;;;;;;
;;;;;;
;;;;;;
;;;;;;
;;;;;;
;;;;;;
;;;;;;
;;;;;;
;;;;;;
;;;;;;
;;;;;;
;;;;;;
;;;;;;
;;;;;;
;;;;;;
;;;;;;
;;;;;;
;;;;;;
;;;;;;
;;;;;;
;;;;;;
;;;;;;
;;;;;;
;;;;;;
;;;;;;
;;;;;;
